Country Name,ISO3,Note
Afghanistan,AFG,
Albania,ALB,
Algeria,DZA,
American Samoa,ASM,
Andorra,ADO,
Angola,AGO,
ANGUILLA,AIA,Get this from http://www.davros.org/misc/iso3166.html
Ascension,SHN,
Antigua & Barbuda,ATG,
Antigua and Barbuda,ATG,
Arab World,ARB,
Argentina,ARG,
Armenia,ARM,
Aruba,ABW,
Australia,AUS,
Austria,AUT,
Azerbaijan,AZE,
Bahamas,BHS,
"Bahamas, The",BHS,
Bahrain,BHR,
Bangladesh,BGD,
Barbados,BRB,
BCEAO,BCEAO,
Belarus,BLR,
Belgium,BEL,
Belize,BLZ,
Benin,BEN,
Bermuda,BMU,
Bhutan,BTN,
Bolivia (Plurinational State of),BOL,
Bolivia,BOL,
Bosnia & Herzegovina,BIH,
Bosnia and Herzegovina,BIH,
Botswana,BWA,
Brazil,BRA,
Brunei,BRN,
Brunei Darussalam,BRN,
Bulgaria,BGR,
Burkina Faso,BFA,
Burundi,BDI,
Cambodia,KHM,
Cameroon,CMR,
Canada,CAN,
Cape Verde Islands,CPV,
Cape Verde,CPV,
Caribbean small states,CSS,
Cayman Islands,CYM,
Central African Rep.,CAF,
Central African Republic,CAF,
Chad,TCD,
Channel Islands,CHI,
Chile,CHL,
People’s Republic of China,CHN,
"China, People's Republic of",CHN,
China,CHN,
Cocos Keeling Islands,CCK,
Colombia,COL,
Comoros,COM,
"Congo, Democratic Republic of",COD,
Dem. Rep. of the Congo,COD,
Democratic Republic of the Congo,COD,
DEMOCRATIC REPUBLIC CONGO,COD,
"Congo, Dem. Rep. of",COD,
Congo (Dem. Rep.),COD,
Congo (Democratic Republic of the),COD,
"Congo, Dem. Rep.",COD,Previous ZAR according to http://www.davros.org/misc/iso3166.html
Congo,COG,
"Congo, Rep.",COG,
Cook Islands,COK,
Costa Rica,CRI,
Cote d'Ivoire,CIV,
Côte d’Ivoire,CIV,
CÃ´te d'Ivoire,CIV,
Côte d'Ivoire,CIV,
Croatia,HRV,
Cuba,CUB,
Curaçao,CUW,
Curacao,CUW,
Cyprus,CYP,
Czech Republic,CZE,
Denmark,DNK,
Djibouti,DJI,
Dominica,DMA,
Dominican Rep.,DOM,
Dominican Republic,DOM,
REPUBLICA DOMINICANA,DOM,
East Asia & Pacific (all income levels),EAS,
East Asia and Pacific (all income levels),EAS,
East Asia & Pacific (developing only),EAP,
East Asia and Pacific (developing only),EAP,
Ecuador,ECU,
Egypt,EGY,
"Egypt, Arab Rep.",EGY,
"Egypt, Arab Rep. of",EGY,
El Salvador,SLV,
Equatorial Guinea,GNQ,
Eritrea,ERI,
Estonia,EST,
Former Ethiopia,ETH,
Ethiopia [from 1993],ETH,
Ethiopia (…1991),ETH,
Ethiopia,ETH,
Euro area,EMU,
Europe & Central Asia (all income levels),ECS,
Europe and Central Asia (all income levels),ECS,
Europe & Central Asia (developing only),ECA,
Europe and Central Asia (developing only),ECA,
European Union,EUU,
Faeroe Islands,FRO,
Faroe Islands,FRO,
Falkland Islands,FLK,
Falkland (Malvinas) Is.,FLK,
Falkland Islands (Malvinas),FLK,
Fiji,FJI,
Finland,FIN,
France,FRA,
Polynesia,PYF,
French Polynesia,PYF,
FRENCH GUIANA,GUF,
Gabon,GAB,
Gambia,GMB,
"Gambia, The",GMB,
Georgia,GEO,
"Germany, Federal Republic of",DEU,
Germany,DEU,
Ghana,GHA,
Gibraltar,GIB,
Greece,GRC,
Greenland,GRL,
Grenada,GRD,
Guadeloupe,GLP,
Guam,GUM,
Guatemala,GTM,
Guernsey,GGY,
Guinea,GIN,
Guinea-Bissau,GNB,
Guyana,GUY,
"Guyana, CR",GUY,
Haiti,HTI,
Heavily indebted poor countries (HIPC),HPC,
High income,HIC,
High income: nonOECD,NOC,
High income: OECD,OEC,
Honduras,HND,
Hong Kong,HKG,
"China, Hong Kong Special Administrative Region",HKG,
"China, Hong Kong SAR",HKG,
China: Hong Kong SAR,HKG,
"Hong Kong, China (SAR)",HKG,
Hong Kong SAR,HKG,
"Hong Kong SAR, China",HKG,
"Hong Kong, China",HKG,
Hong Kong (China),HKG,
Hungary,HUN,
Iceland,ISL,
India ,IND,
India,IND,
Indonesia (…2002),IDN,
Indonesia,IDN,
Iran,IRN,
Iran (I.R.),IRN,
Iran (Islamic Republic of),IRN,
"Iran, Islamic Rep",IRN,
"Iran, Islamic Rep.",IRN,
"Iran, Islamic Republic of",IRN,
"Iran, Islamic Rep. of",IRN,
Iraq,IRQ,
Ireland,IRL,
REPUBLIC OF IRELAND,IRL,
Isle of Man,IMY,
Israel,ISR,
Italy,ITA,
Jamaica,JAM,
Japan,JPN,
Jersey,JEY,
"JERSEY, CHANNEL ISLANDS",JEY,
Jordan,JOR,
Kazakhstan,KAZ,
Kenya,KEN,
Kiribati,KIR,
D.P.R. Korea,PRK,
Korea (Democratic People's Rep. of),PRK,
"Korea, Democratic People's Republic of",PRK,
"Korea, Dem. People's Rep. of",PRK,
Democratic People's Republic of Korea,PRK,
"Korea, North",PRK,
"Korea, Dem. Rep.",PRK,
"Korea, South",KOR,
Korea (South),KOR,
SOUTH KOREA,KOR,
Republic of Korea,KOR,
Korea (Rep.),KOR,
"Korea, Rep",KOR,
"Korea, Rep.",KOR,
"Korea, Rep. of",KOR,
Korea (Republic of),KOR,
"Korea, Republic of",KOR,
Kosovo,KSV,
Kuwait,KWT,
Kyrgyzstan,KGZ,
Kyrgyz Republic,KGZ,
LAO PEOPLE'S DEM. REP.,LAO,
Lao People’s Democratic Republic,LAO,
Lao People's Democratic Republic,LAO,
Lao P.D.R.,LAO,
LAOS,LAO,
Lao PDR,LAO,
Latin America & Caribbean (all income levels),LCN,
Latin America and Caribbean (all income levels),LCN,
Latin America & Caribbean (developing only),LAC,
Latin America and Caribbean (developing only),LAC,
Latvia,LVA,
Least developed countries: UN classification,LDC,
Lebanon,LBN,
Lesotho,LSO,
Liberia,LBR,
"Libya, State of",LBY,
Libya,LBY,
LIBYAN ARAB JAMAHIRIYA,LBY,
Liechtenstein,LIE,
Lithuania,LTU,
Low & middle income,LMY,
Low and middle income,LMY,
Low income,LIC,
Lower middle income,LMC,
Luxembourg,LUX,
"China, Macao SAR",MAC,
China: Macao SAR,MAC,
"MACAU, CHINA",MAC,
"China, Macao Special Administrative Region",MAC,
"Macao SAR, China",MAC,
"Macao, China",MAC,
Macao (China),MAC,
MACEDONIA,MKD,
The former Yugoslav Republic of Macedonia,MKD,
"Macedonia, The former Yugoslav Republic of",MKD,
TFYR of Macedonia,MKD,
TFYR Macedonia,MKD,
Macedonia FYR,MKD,
"Macedonia, FYR",MKD,
Madagascar,MDG,
Malawi,MWI,
Malaysia,MYS,
Maldives,MDV,
Mali,MLI,
Malta,MLT,
Marshall Islands,MHL,
MARTINIQUE,MTQ,
Mauritania,MRT,
Mauritius,MUS,
Mayotte,MYT,
Mexico,MEX,
Micronesia,FSM,
"Micronesia, Fed. Sts.",FSM,
"Micronesia, Federated States of",FSM,
Micronesia (Federated States of),FSM,
Middle East & North Africa (all income levels),MEA,
Middle East and North Africa (all income levels),MEA,
Middle East & North Africa (developing only),MNA,
Middle East and North Africa (developing only),MNA,
Middle income,MIC,
Republic of Moldova,MDA,
Moldova,MDA,
Moldova (Republic of),MDA,
"MOLDOVA, REPUBLIC OF",MDA,
Monaco,MCO,
Mongolia,MNG,
Montenegro,MNE,
Montserrat,MSR,
Morocco,MAR,
Mozambique,MOZ,
Myanmar,MMR,
Namibia,NAM,
Nauru,NRU,
Nepal,NPL,
Netherlands,NLD,
Neth. Antilles,ANT,
NETHERLANDS ANTILLES,ANT,
NETHERLANDS ANTILLES (FORMER),ANT,
New Caledonia,NCL,
New Zealand,NZL,
Nicaragua,NIC,
Niger,NER,
Nigeria,NGA,
Niue,NIU,
Norfolk Islands,NFK,
Norfolk Island,NFK,
North America,NAC,
Northern Marianas,MNP,
Northern Mariana Islands,MNP,
Norway,NOR,
Not classified,INX,
OECD members,OED,
Oman,OMN,
Other small states,OSS,
Pacific island small states,PSS,
Pakistan,PAK,
Palau,PLW,
Palestine,PSE,
Palestinian Authority,PSE,
Occupied Palestinian Territory,PSE,
"Palestinian Territory, Occupied",PSE,
OCCUPIED PALESTINIAN TERR,PSE,
"Panama, excluding Canal Zone",PAN,
Panama,PAN,
Papua New Guinea,PNG,
Paraguay,PRY,
Peru,PER,
Philippines,PHL,
Poland,POL,
Portugal,PRT,
Puerto Rico (U.S.),PRI,
Puerto Rico,PRI,
Qatar,QAT,
RÉUNION,REU,
Romania,ROM,
Russia,RUS,
Russian Federation,RUS,
Rwanda,RWA,
Samoa,WSM,
San Marino,SMR,
São Tomé e Príncipe,STP,
São Tomé and Príncipe,STP,
S. Tomé & Principe,STP,
SÃO TOMÉ AND PRINCIPE,STP,
Sao Tome and Principe,STP,
Saudi Arabia,SAU,
Senegal,SEN,
Serbia and Montenegro,SRB,
Serbia,SRB,
REPUBLIC OF SERBIA,SRB,
Seychelles,SYC,
Sierra Leone,SLE,
Singapore,SGP,
St. Maarten,SXM,
Sint Maarten (Dutch part),SXM,
SLOVAKIA,SVK,
Slovak Republic,SVK,
Slovenia,SVN,
Small states,SST,
Solomon Islands,SLB,
Somalia,SOM,
South Africa,ZAF,
South Asia,SAS,
South Sudan,SSD,
Spain,ESP,
Sri Lanka,LKA,
Saint Helena,SHN,
St. Helena,SHN,
Saint Kitts and Nevis,KNA,
ST. KITTS-NEVIS,KNA,
St. Kitts and Nevis,KNA,
Saint Lucia,LCA,
St. Lucia,LCA,
St. Martin (French part),MAF,
Saint Pierre and Miquelon,SPM,
St. Pierre & Miquelon,SPM,
St. Pierre and Miquelon,SPM,
ST. VINCENT & GRENADINES,VCT,
Saint Vincent and the Grenadines,VCT,
St. Vincent and the Grenadines,VCT,
Sub-Saharan Africa (all income levels),SSF,
Sub-Saharan Africa (developing only),SSA,
Sudan (up to 2011),SDN,
Sudan (…2011),SDN,
Sudan (pre-secession),SDN,
Sudan,SDN,
Suriname,SUR,
Swaziland,SWZ,
Sweden,SWE,
Switzerland,CHE,
Syria,SYR,
Syrian Arab Republic,SYR,
"China, Taiwan Province of",TWN,
TAIWAN,TWN,
"Taiwan, Province of China",TWN,
Taiwan (China),TWN,Get this from http://www.davros.org/misc/iso3166.html
"TAIWAN, CHINA",TWN,
Tajikistan,TJK,
Zanzibar,EAZ,
United Republic of Tanzania: Zanzibar,EAZ,
Tanzania,TZA,
Tanzania - Mainland,TZA,
"Tanzania, United Republic of",TZA,
Tanzania (United Republic of),TZA,
United Republic of Tanzania,TZA,
United Republic of Tanzania: Mainland,TZA,
UNITED REP. OF TANZANIA,TZA,
Thailand,THA,
East Timor,TMP,
Timor-Leste,TMP,
Togo,TGO,
Tokelau,TKL,
Tonga,TON,
Tonga Islands,TON,
Trinidad & Tobago,TTO,
Trinidad and Tobago,TTO,
Tunisia,TUN,
Turkey,TUR,
Turkmenistan,TKM,
TURKS & CAICOS ISLANDS,TCA,
Turks & Caicos Is.,TCA,
Turks and Caicos Islands,TCA,
Tuvalu,TUV,
Uganda,UGA,
Ukraine,UKR,
United Arab Emirates,ARE,
United Kingdom of Great Britain and Northern Ireland,GBR,
United Kingdom,GBR,
United States,USA,
UNITED STATES OF AMERICA,USA,
Upper middle income,UMC,
Uruguay,URY,
Uzbekistan,UZB,
Holy See,VAT,
VATICAN STATE,VAT,
VATICAN CITY STATE,VAT,
Vatican,VAT,
Vanuatu,VUT,
VENEZUELA,VEN,
"Venezuela, RB",VEN,
"Venezuela, R. B.",VEN,
"Venezuela, R.B.",VEN,
"Venezuela, Bolivarian Republic of",VEN,
Venezuela (Bolivarian Republic of),VEN,
"Venezuela, Bolivarian Rep.",VEN,
Viet Nam,VNM,
Vietnam,VNM,
British Virgin Islands,VGB,
Virgin Islands (British),VGB,
United States Virgin Islands,VIR,
Virgin Islands (US),VIR,
Virgin Islands (U.S.),VIR,
U.S. VIRGIN ISLANDS,VIR,
Palestinian West Bank and Gaza,WBG,
West Bank and Gaza Strip,WBG,
West Bank and Gaza,WBG,
Western Sahara,ESH,
Wallis and Futuna,WLF,
World,WLD,
Yemen,YEM,
"Yemen, Arab Republic",YEM,
YEMEN ARAB REPUBLIC,YEM,
"Yemen, Rep. of",YEM,
"Yemen, Rep.",YEM,
Zambia,ZMB,
Zimbabwe,ZWE,
